aa	1	2	3	4	5	6	7	8	9	10	11	12	13	14	15	16	17	17a	18	19	20	20a	21	22	23	24	25	26	27a	27	28	29	30	31	32	33	34	35	36	37	38	39	40	41	42	43	43a	44	45	46	47	48	49	50	51	52	53	53_1	54	55	56	57	58	59	60	60_1	61	62	63	64	65	66	67	68	69	70	71	72	73
Ala	A	A	G	G	G	C	U	U	A	G	C	U	U	A	A	NA	NA	NA	U	U	NA	NA	A	A	A	G	U	G	NA	G	C	U	G	A	U	U	U	G	C	G	U	U	C	A	G	U	NA	U	G	A	NA	U	G	C	A	G	A	NA	G	U	G	G	G	G	U	NA	U	U	U	G	C	A	G	U	C	C	U	U	A
Cys	A	G	C	U	C	C	G	A	G	G	U	G	A	U	U	NA	NA	NA	NA	NA	NA	NA	U	U	C	A	U	A	NA	U	U	G	A	A	U	U	G	C	A	A	A	U	U	C	G	A	NA	A	G	A	NA	A	G	C	A	G	C	NA	U	U	C	A	A	A	NA	NA	C	C	U	G	C	C	G	G	G	G	C	U	U
Asp	A	A	G	G	U	A	U	U	A	G	A	A	A	A	A	NA	NA	NA	C	C	NA	NA	A	U	U	U	C	A	NA	U	A	A	C	U	U	U	G	U	C	A	A	A	G	U	U	A	NA	A	A	U	NA	U	A	U	A	G	G	NA	C	U	A	A	A	U	NA	NA	C	C	U	A	U	A	U	A	U	C	U	U	A
Glu	G	U	U	C	U	U	G	U	A	G	U	U	G	A	A	NA	NA	NA	A	U	NA	NA	A	C	A	A	C	G	NA	A	U	G	G	U	U	U	U	U	C	A	U	A	U	C	A	U	NA	U	G	G	NA	U	C	G	U	G	G	NA	U	U	G	U	A	G	U	NA	C	C	G	U	G	C	G	A	G	A	A	U	A
Phe	G	U	U	U	A	U	G	U	A	G	C	U	U	A	C	C	U	C	C	U	C	NA	A	A	A	G	C	A	NA	A	U	A	C	A	C	U	G	A	A	A	A	U	G	U	U	U	NA	A	G	A	NA	C	G	G	G	C	NA	NA	U	C	A	C	A	U	C	NA	NA	A	C	C	C	C	A	U	A	A	A	C	A
Gly	A	C	U	C	U	U	U	U	A	G	U	A	U	A	A	NA	NA	NA	A	U	NA	NA	A	G	U	A	C	C	NA	G	U	U	A	A	C	U	U 	C	C	A	A	U	U	A	A	C	NA	U	A	G	NA	U	U	U	U	G	A	NA	C	A	A	C	A	U	NA	NA	U	C	A	A	A	A	A	A	G	A	G	U	A
His	G	U	A	A	A	U	A	U	A	G	U	U	U	A	A	NA	NA	NA	C	C	NA	NA	A	A	A	A	C	A	NA	U	C	A	G	A	U	U	G	U	G	A	A	U	C	U	G	A	NA	C	A	A	NA	C	A	G	A	G	G	NA	C	U	U	A	C	G	A	NA	C	C	C	C	U	U	A	U	U	U	A	C	C
Ile	A	G	A	A	A	U	A	U	G	U	C	U	G	A	U	A	NA	NA	NA	NA	NA	NA	A	A	A	G	A	G	NA	U	U	A	C	U	U	U	G	A	U	A	G	A	G	U	A	A	NA	A	U	A	A	U	A	G	G	A	G	NA	C	U	U	A	A	A	C	NA	C	C	C	C	U	U	A	U	U	U	C	U	A
Lys	C	A	C	U	G	U	A	A	A	G	C	U	A	A	C	NA	NA	NA	NA	NA	NA	NA	U	U	A	G	C	A	NA	U	U	A	A	C	C	U	U	U	U	A	A	G	U	U	A	A	NA	A	G	A	U	U	A	A	G	A	G	A	A	C	C	A	A	C	A	C	C	U	C	U	U	U	A	C	A	G	U	G	A
Leu2	G	U	U	A	A	G	A	U	G	G	C	A	G	A	G	C	C	C	G	G	U	A	A	U	C	G	C	A	NA	U	A	A	A	A	C	U	U	A	A	A	A	C	U	U	U	A	NA	C	A	G	U	C	A	G	A	G	G	NA	U	U	C	A	A	U	U	NA	C	C	U	C	U	U	C	U	U	A	A	C	A
Leu1	A	C	U	U	U	U	A	A	A	G	G	A	U	A	A	C	NA	NA	A	G	C	NA	U	A	U	C	C	A	NA	U	U	G	G	U	C	U	U	A	G	G	C	C	C	C	A	A	NA	A	A	A	NA	U	U	U	U	G	G	NA	U	G	C	A	A	C	U	NA	C	C	A	A	A	U	A	A	A	A	G	U	A
Met	A	G	U	A	A	G	G	U	C	A	G	C	U	A	A	A	U	NA	NA	NA	NA	NA	A	A	G	C	U	A	NA	U	C	G	G	G	C	C	C	A	U	A	C	C	C	C	G	A	NA	A	A	A	NA	U	G	U	U	G	G	NA	U	U	A	U	A	C	NA	NA	C	C	U	U	C	C	C	G	U	A	C	U	A
Asn	U	A	G	A	U	U	G	A	A	G	C	C	A	G	U	U	NA	NA	G	A	U	U	A	G	G	G	U	G	NA	C	U	U	A	G	C	U	G	U	U	A	A	C	U	A	A	G	NA	U	G	U	U	U	G	U	G	G	G	NA	U	U	U	A	A	G	U	NA	C	C	C	A	U	U	G	G	U	C	U	A	G
Pro	C	A	G	A	G	A	A	U	A	G	U	U	U	A	A	A	NA	NA	U	U	NA	NA	A	G	A	A	U	C	NA	U	U	A	G	C	U	U	U	G	G	G	U	G	C	U	A	A	NA	U	G	G	NA	U	G	G	A	G	NA	NA	U	U	A	A	A	G	A	NA	NA	C	U	U	U	U	U	C	U	C	U	G	A
Gln	U	A	G	G	A	U	G	G	G	G	U	G	U	G	A	U	A	NA	G	G	U	NA	G	G	C	A	C	G	NA	G	A	G	A	A	U	U	U	U	G	G	A	U	U	C	U	C	NA	A	G	G	NA	G	A	U	G	G	G	NA	U	U	C	G	A	U	U	NA	C	U	C	A	U	A	G	U	C	C	U	A	G
Arg	U	G	G	U	A	U	A	U	A	G	U	U	U	A	A	A	C	NA	NA	NA	NA	NA	A	A	A	A	C	G	NA	A	A	U	G	A	U	U	U	C	G	A	C	U	C	A	U	U	NA	A	A	A	NA	U	U	A	U	G	A	NA	NA	NA	U	A	A	NA	NA	NA	U	C	A	U	A	U	U	U	A	C	C	A	A
Ser2	G	A	A	A	A	A	G	NA	U	C	A	U	G	G	A	NA	NA	NA	G	G	C	NA	NA	C	A	U	G	G	G	G	U	U	G	G	C	U	U	G	A	A	A	C	C	A	G	C	U	U	U	G	NA	NA	G	G	G	G	G	NA	U	U	C	G	A	U	U	NA	C	C	U	U	C	C	U	U	U	U	U	U	G
Ser1	G	A	G	A	A	A	G	NA	C	NA	NA	NA	NA	NA	NA	NA	NA	NA	NA	NA	NA	NA	NA	NA	U	C	A	C	NA	A	A	G	A	A	C	U	G	C	U	A	A	C	U	C	A	U	NA	G	C	C	NA	C	C	C	A	U	G	NA	U	C	U	A	A	C	A	A	C	A	U	G	G	C	U	U	U	C	U	C	A
Thr	G	U	C	C	U	U	G	U	A	G	U	A	U	A	A	NA	NA	NA	A	C	U	NA	A	A	U	A	C	A	NA	C	C	A	G	U	C	U	U	G	U	A	A	A	C	C	G	G	NA	A	G	A	NA	U	G	A	A	A	A	NA	NA	NA	C	C	U	NA	NA	NA	U	U	U	U	C	C	A	A	G	G	A	C	A
Val	C	A	G	A	G	U	G	U	A	G	C	U	U	A	A	C	NA	NA	A	C	NA	NA	A	A	A	G	C	A	NA	C	C	C	A	A	C	U	U	A	C	A	C	U	U	A	G	G	NA	A	G	A	NA	U	U	U	C	A	A	NA	C	U	U	A	A	C	NA	NA	U	U	G	A	C	C	G	C	U	C	U	G	A
Trp	A	G	A	A	A	U	U	U	A	G	G	U	U	A	A	A	U	NA	A	C	NA	NA	A	G	A	C	C	A	NA	A	G	A	G	C	C	U	U	C	A	A	A	G	C	C	C	U	NA	C	A	G	NA	U	A	A	G	U	NA	NA	U	G	C	A	A	U	NA	NA	NA	A	C	U	U	A	A	U	U	U	C	U	G
Tyr	G	G	U	A	A	A	A	U	G	G	C	U	G	A	G	U	NA	NA	NA	NA	NA	NA	G	A	A	G	C	A	NA	U	U	G	G	A	C	U	G	U	A	A	A	U	C	U	A	A	NA	A	G	A	NA	C	A	G	G	G	G	NA	NA	U	U	A	G	G	NA	NA	C	C	U	C	U	U	U	U	U	A	C	C	A
